Province/State,Country/Region,Last Update,Confirmed,Deaths,Recovered,Date_last_updated_IST,Remaining,lat,lon
,Spain,04/15/2020 14:50,174060,18255,67504,2020-04-15 14:50:00,88301,39.3262345,-4.838064900000001
,Italy,04/15/2020 14:50,162488,21067,37130,2020-04-15 14:50:00,104291,45.6209,9.768892999999998
,France,04/15/2020 14:50,143303,15729,28805,2020-04-15 14:50:00,98769,46.603353999999996,1.8883334999999999
,Germany,04/15/2020 14:50,132210,3495,72600,2020-04-15 14:50:00,56115,51.0834196,10.4234469
,UK,04/15/2020 14:50,93873,12107,344,2020-04-15 14:50:00,81422,54.70235450000001,-3.2765752999999997
,Iran,04/15/2020 14:50,74877,4683,48129,2020-04-15 14:50:00,22065,32.6475314,54.56435160000001
,Turkey,04/15/2020 14:50,65111,1403,4799,2020-04-15 14:50:00,58909,38.959759399999996,34.9249653
Brussels,Belgium,04/15/2020 14:50,33573,4440,7107,2020-04-15 14:50:00,22026,50.8436709,4.3674367
,Netherlands,04/15/2020 14:50,27419,2945,250,2020-04-15 14:50:00,24224,52.500169799999995,5.7480820999999995
,Canada,04/15/2020 14:50,27063,903,8235,2020-04-15 14:50:00,17925,61.0666922,-107.9917071
,Switzerland,04/15/2020 14:50,25936,1174,14700,2020-04-15 14:50:00,10062,46.7985624,8.231973599999998
,Brazil,04/15/2020 14:50,25684,1552,14026,2020-04-15 14:50:00,10106,-10.333333300000001,-53.2
,Russia,04/15/2020 14:50,24490,198,1986,2020-04-15 14:50:00,22306,64.6863136,97.7453061
,Portugal,04/15/2020 14:50,17448,567,347,2020-04-15 14:50:00,16534,40.0332629,-7.889626299999999
,Austria,04/15/2020 14:50,14280,393,8098,2020-04-15 14:50:00,5789,47.2000338,13.199959
,Israel,04/15/2020 14:50,12200,126,2309,2020-04-15 14:50:00,9765,31.531311300000002,34.8667654
,Ireland,04/15/2020 14:50,11479,406,77,2020-04-15 14:50:00,10996,52.865196,-7.9794599
,Sweden,04/15/2020 14:50,11445,1033,381,2020-04-15 14:50:00,10031,59.67497120000001,14.5208584
,South Korea,04/15/2020 14:50,10591,225,7616,2020-04-15 14:50:00,2750,35.8713,128.6018
,Peru,04/15/2020 14:50,10303,230,2869,2020-04-15 14:50:00,7204,-6.8699697,-75.0458515
,Japan,04/15/2020 14:50,8100,146,853,2020-04-15 14:50:00,7101,36.5748441,139.2394179
,Chile,04/15/2020 14:50,7917,92,2646,2020-04-15 14:50:00,5179,-31.7613365,-71.3187697
,Ecuador,04/15/2020 14:50,7603,369,696,2020-04-15 14:50:00,6538,-1.3397668,-79.3666965
,Poland,04/15/2020 14:50,7408,268,668,2020-04-15 14:50:00,6472,52.215933,19.134422
,Romania,04/15/2020 14:50,6879,357,1051,2020-04-15 14:50:00,5471,45.98521289999999,24.6859225
,Denmark,04/15/2020 14:50,6681,299,2515,2020-04-15 14:50:00,3867,55.670249,10.333328300000002
,Norway,04/15/2020 14:50,6623,139,32,2020-04-15 14:50:00,6452,60.5000209,9.099971499999999
,Australia,04/15/2020 14:50,6447,63,3686,2020-04-15 14:50:00,2698,-24.7761086,134.755
,Czechia,04/15/2020 14:50,6151,163,676,2020-04-15 14:50:00,5312,49.816700299999994,15.4749544
,Pakistan,04/15/2020 14:50,5988,107,1446,2020-04-15 14:50:00,4435,30.3308401,71.247499
,Philippines,04/15/2020 14:50,5453,349,353,2020-04-15 14:50:00,4751,12.750348599999999,122.7312101
,Mexico,04/15/2020 14:50,5399,406,2125,2020-04-15 14:50:00,2868,19.4326296,-99.1331785
,Saudi Arabia,04/15/2020 14:50,5369,73,889,2020-04-15 14:50:00,4407,25.62426180000001,42.352832799999995
,Indonesia,04/15/2020 14:50,5136,469,446,2020-04-15 14:50:00,4221,-2.4833826,117.89028529999999
,Malaysia,04/15/2020 14:50,4987,82,2478,2020-04-15 14:50:00,2427,4.5693754,102.2656823
,United Arab Emirates,04/15/2020 14:50,4933,28,933,2020-04-15 14:50:00,3972,24.0002488,53.999482900000004
,Serbia,04/15/2020 14:50,4465,94,400,2020-04-15 14:50:00,3971,44.02432279999999,21.0765743
,Ukraine,04/15/2020 14:50,3764,108,143,2020-04-15 14:50:00,3513,49.4871968,31.2718321
,Panama,04/15/2020 14:50,3574,95,72,2020-04-15 14:50:00,3407,8.559559,-81.1308434
,Qatar,04/15/2020 14:50,3428,7,373,2020-04-15 14:50:00,3048,25.3336984,51.2295295
,Luxembourg,04/15/2020 14:50,3307,67,500,2020-04-15 14:50:00,2740,49.8158683,6.1296751
,Dominican Republic,04/15/2020 14:50,3286,183,162,2020-04-15 14:50:00,2941,19.0974031,-70.30280259999999
,Belarus,04/15/2020 14:50,3281,33,203,2020-04-15 14:50:00,3045,53.4250605,27.6971358
,Singapore,04/15/2020 14:50,3252,10,611,2020-04-15 14:50:00,2631,1.340863,103.8303918
,Finland,04/15/2020 14:50,3161,64,300,2020-04-15 14:50:00,2797,63.2467777,25.9209164
,Colombia,04/15/2020 14:50,2979,127,354,2020-04-15 14:50:00,2498,2.8894433999999998,-73.78389200000002
,Thailand,04/15/2020 14:50,2643,43,1497,2020-04-15 14:50:00,1103,14.8971921,100.83273
,Argentina,04/15/2020 14:50,2443,105,559,2020-04-15 14:50:00,1779,-34.9964963,-64.9672817
,South Africa,04/15/2020 14:50,2415,27,410,2020-04-15 14:50:00,1978,-28.816623600000003,24.99163900000001
,Egypt,04/15/2020 14:50,2350,178,589,2020-04-15 14:50:00,1583,26.254049300000002,29.2675469
,Greece,04/15/2020 14:50,2170,101,269,2020-04-15 14:50:00,1800,38.995368299999996,21.987713199999998
,Algeria,04/15/2020 14:50,2070,326,691,2020-04-15 14:50:00,1053,28.000027199999998,2.9999825
,Morocco,04/15/2020 14:50,1988,127,218,2020-04-15 14:50:00,1643,31.1728205,-7.3362482
,Moldova,04/15/2020 14:50,1934,41,171,2020-04-15 14:50:00,1722,47.28796079999999,28.5670941
,Iceland,04/15/2020 14:50,1720,8,989,2020-04-15 14:50:00,723,64.9841821,-18.1059013
,Croatia,04/15/2020 14:50,1704,31,415,2020-04-15 14:50:00,1258,45.5643442,17.0118954
,Hungary,04/15/2020 14:50,1579,134,192,2020-04-15 14:50:00,1253,47.1817585,19.5060937
,Bahrain,04/15/2020 14:50,1528,7,648,2020-04-15 14:50:00,873,26.155124899999997,50.5344606
,Iraq,04/15/2020 14:50,1400,78,766,2020-04-15 14:50:00,556,33.0955793,44.174977500000004
,Estonia,04/15/2020 14:50,1400,35,117,2020-04-15 14:50:00,1248,58.75237779999999,25.3319078
,New Zealand,04/15/2020 14:50,1386,9,728,2020-04-15 14:50:00,649,-41.5000831,172.83440769999999
,Kuwait,04/15/2020 14:50,1355,3,176,2020-04-15 14:50:00,1176,29.2733964,47.4979476
,Kazakhstan,04/15/2020 14:50,1275,15,220,2020-04-15 14:50:00,1040,47.2286086,65.20931970000001
,Slovenia,04/15/2020 14:50,1248,61,165,2020-04-15 14:50:00,1022,45.813311299999995,14.4808369
,Bangladesh,04/15/2020 14:50,1231,50,49,2020-04-15 14:50:00,1132,24.4768598,90.29322990000001
,Uzbekistan,04/15/2020 14:50,1214,4,99,2020-04-15 14:50:00,1111,41.32373,63.9528098
,Azerbaijan,04/15/2020 14:50,1197,13,351,2020-04-15 14:50:00,833,40.3936294,47.787250799999995
,Armenia,04/15/2020 14:50,1111,17,297,2020-04-15 14:50:00,797,40.7696272,44.6736646
,Lithuania,04/15/2020 14:50,1091,29,138,2020-04-15 14:50:00,924,55.35000030000001,23.7499997
,Bosnia and Herzegovina,04/15/2020 14:50,1083,40,236,2020-04-15 14:50:00,807,44.30534760000001,17.596146700000006
Hong Kong,Hong Kong,04/15/2020 14:50,1017,4,459,2020-04-15 14:50:00,554,22.2793278,114.16281310000001
,Oman,04/15/2020 14:50,910,4,131,2020-04-15 14:50:00,775,21.000028699999998,57.00369010000001
,North Macedonia,04/15/2020 14:50,908,44,86,2020-04-15 14:50:00,778,41.617121399999995,21.7168387
,Cameroon,04/15/2020 14:50,848,14,130,2020-04-15 14:50:00,704,4.6125522000000005,13.153581099999998
,Slovakia,04/15/2020 14:50,835,2,113,2020-04-15 14:50:00,720,48.74115220000001,19.4528646
,Afghanistan,04/15/2020 14:50,784,25,43,2020-04-15 14:50:00,716,33.7680065,66.2385139
,Cuba,04/15/2020 14:50,766,21,132,2020-04-15 14:50:00,613,23.013133800000002,-80.8328748
,Tunisia,04/15/2020 14:50,747,34,43,2020-04-15 14:50:00,670,33.8439408,9.400138
,Bulgaria,04/15/2020 14:50,735,36,105,2020-04-15 14:50:00,594,42.6073975,25.4856617
Yokohama,Japan,04/15/2020 14:50,712,12,639,2020-04-15 14:50:00,61,35.44499099999999,139.636768
,Cyprus,04/15/2020 14:50,695,12,65,2020-04-15 14:50:00,618,34.982301799999995,33.1451285
,Latvia,04/15/2020 14:50,666,5,16,2020-04-15 14:50:00,645,56.8406494,24.7537645
,Andorra,04/15/2020 14:50,659,31,128,2020-04-15 14:50:00,500,42.540716700000004,1.5732033
,Lebanon,04/15/2020 14:50,641,21,81,2020-04-15 14:50:00,539,33.875062899999996,35.843409
,Ivory Coast,04/15/2020 14:50,638,6,114,2020-04-15 14:50:00,518,7.9897371,-5.5679457999999995
,Ghana,04/15/2020 14:50,636,8,17,2020-04-15 14:50:00,611,8.0300284,-1.0800271000000001
,Costa Rica,04/15/2020 14:50,618,3,66,2020-04-15 14:50:00,549,10.2735633,-84.0739102
,Niger,04/15/2020 14:50,570,14,90,2020-04-15 14:50:00,466,17.7356214,9.323843199999999
,Burkina Faso,04/15/2020 14:50,528,30,177,2020-04-15 14:50:00,321,12.075308300000001,-1.6880313999999998
,Uruguay,04/15/2020 14:50,492,8,260,2020-04-15 14:50:00,224,-32.8755548,-56.0201525
,Albania,04/15/2020 14:50,475,24,248,2020-04-15 14:50:00,203,41.000028,19.9999619
,Kyrgyzstan,04/15/2020 14:50,449,5,78,2020-04-15 14:50:00,366,41.5089324,74.724091
,Channel Islands,04/15/2020 14:50,440,13,48,2020-04-15 14:50:00,379,49.4622912,-2.5812022999999997
,Honduras,04/15/2020 14:50,419,31,9,2020-04-15 14:50:00,379,15.2572432,-86.0755145
,Bolivia,04/15/2020 14:50,397,28,7,2020-04-15 14:50:00,362,-17.056869600000002,-64.9912286
,Jordan,04/15/2020 14:50,397,7,235,2020-04-15 14:50:00,155,31.1667049,36.941628
Taiwan,Taiwan,04/15/2020 14:50,395,6,137,2020-04-15 14:50:00,252,23.973937399999997,120.9820179
,Malta,04/15/2020 14:50,393,3,44,2020-04-15 14:50:00,346,35.888599299999996,14.4476911
,Reunion,04/15/2020 14:50,391,0,40,2020-04-15 14:50:00,351,-21.1309332,55.526577100000004
,Nigeria,04/15/2020 14:50,373,11,99,2020-04-15 14:50:00,263,9.6000359,7.999972099999999
,San Marino,04/15/2020 14:50,372,36,53,2020-04-15 14:50:00,283,43.945862299999995,12.458306
,Djibouti,04/15/2020 14:50,363,2,53,2020-04-15 14:50:00,308,11.8145966,42.8453061
,Guinea,04/15/2020 14:50,363,0,31,2020-04-15 14:50:00,332,10.7226226,-10.7083587
,Mauritius,04/15/2020 14:50,324,9,51,2020-04-15 14:50:00,264,-20.2759451,57.5703566
,Palestine,04/15/2020 14:50,308,2,62,2020-04-15 14:50:00,244,31.9469665,35.2738655
,Georgia,04/15/2020 14:50,306,3,69,2020-04-15 14:50:00,234,41.6809707,44.02873820000001
,Senegal,04/15/2020 14:50,299,2,183,2020-04-15 14:50:00,114,14.475060699999998,-14.452961199999999
,Montenegro,04/15/2020 14:50,288,4,46,2020-04-15 14:50:00,238,42.9868853,19.518099199999998
,Vietnam,04/15/2020 14:50,267,0,171,2020-04-15 14:50:00,96,13.2904027,108.42651129999999
,Isle of Man,04/15/2020 14:50,254,2,141,2020-04-15 14:50:00,111,54.2358167,-4.5145987000000005
,DRC,04/15/2020 14:50,241,20,20,2020-04-15 14:50:00,201,-4.0324900999999995,22.4574787
,Sri Lanka,04/15/2020 14:50,233,7,63,2020-04-15 14:50:00,163,7.555494199999999,80.7137847
,Mayotte,04/15/2020 14:50,217,3,69,2020-04-15 14:50:00,145,-12.823048,45.1520755
,Kenya,04/15/2020 14:50,216,9,41,2020-04-15 14:50:00,166,1.4419683,38.431397499999996
,Venezuela,04/15/2020 14:50,197,9,111,2020-04-15 14:50:00,77,8.0018709,-66.1109318
,Faeroe Islands,04/15/2020 14:50,184,0,166,2020-04-15 14:50:00,18,62.19850039999999,-6.817412400000001
,Guatemala,04/15/2020 14:50,180,5,19,2020-04-15 14:50:00,156,15.635608800000002,-89.8988087
,Paraguay,04/15/2020 14:50,161,8,23,2020-04-15 14:50:00,130,-23.3165935,-58.169344499999994
,El Salvador,04/15/2020 14:50,159,6,30,2020-04-15 14:50:00,123,13.800038199999998,-88.9140683
,Martinique,04/15/2020 14:50,158,8,73,2020-04-15 14:50:00,77,14.636792699999999,-61.0158269
,Guadeloupe,04/15/2020 14:50,145,8,67,2020-04-15 14:50:00,70,16.2490067,-61.56504440000001
,Mali,04/15/2020 14:50,144,13,34,2020-04-15 14:50:00,97,16.3700359,-2.2900238999999996
,Brunei,04/15/2020 14:50,136,1,107,2020-04-15 14:50:00,28,4.4137154999999995,114.5653908
,Rwanda,04/15/2020 14:50,134,0,49,2020-04-15 14:50:00,85,-1.9646631,30.064435800000002
,Gibraltar,04/15/2020 14:50,129,0,93,2020-04-15 14:50:00,36,36.106747,-5.3352772
,Cambodia,04/15/2020 14:50,122,0,96,2020-04-15 14:50:00,26,13.5066394,104.869423
,Trinidad and Tobago,04/15/2020 14:50,113,8,17,2020-04-15 14:50:00,88,10.8677845,-60.9821067
,Madagascar,04/15/2020 14:50,108,0,23,2020-04-15 14:50:00,85,-18.9249604,46.441642200000004
,Jamaica,04/15/2020 14:50,105,5,21,2020-04-15 14:50:00,79,18.115295800000002,-77.15984549999997
,Monaco,04/15/2020 14:50,93,1,6,2020-04-15 14:50:00,86,43.7384402,7.4242474000000005
,Aruba,04/15/2020 14:50,92,0,32,2020-04-15 14:50:00,60,12.4902998,-69.96098420000001
,French Guiana,04/15/2020 14:50,86,0,51,2020-04-15 14:50:00,35,4.0039882,-52.999998
,Ethiopia,04/15/2020 14:50,85,3,15,2020-04-15 14:50:00,67,10.211670199999999,38.6521203
,Gabon,04/15/2020 14:50,80,1,4,2020-04-15 14:50:00,75,-0.8999695,11.689969900000001
,Liechtenstein,04/15/2020 14:50,79,1,55,2020-04-15 14:50:00,23,47.1416307,9.553152699999998
,Togo,04/15/2020 14:50,77,3,32,2020-04-15 14:50:00,42,8.7800265,1.0199764999999998
,Congo,04/15/2020 14:50,74,5,10,2020-04-15 14:50:00,59,-0.7264326999999999,15.6419155
,Myanmar,04/15/2020 14:50,74,4,2,2020-04-15 14:50:00,68,17.1750495,95.9999652
,Barbados,04/15/2020 14:50,73,5,15,2020-04-15 14:50:00,53,13.1500331,-59.52503050000001
,Somalia,04/15/2020 14:50,60,2,2,2020-04-15 14:50:00,56,8.3676771,49.083416
,Liberia,04/15/2020 14:50,59,6,4,2020-04-15 14:50:00,49,5.7499721,-9.3658524
,Bermuda,04/15/2020 14:50,57,5,30,2020-04-15 14:50:00,22,32.3018217,-64.7603583
,French Polynesia,04/15/2020 14:50,55,0,0,2020-04-15 14:50:00,55,-16.0344249,-146.0490931
,Uganda,04/15/2020 14:50,55,0,8,2020-04-15 14:50:00,47,1.5333553999999998,32.2166578
,Cayman Islands,04/15/2020 14:50,54,1,6,2020-04-15 14:50:00,47,19.5417212,-80.5667132
,Tanzania,04/15/2020 14:50,53,3,7,2020-04-15 14:50:00,43,-6.5247123,35.7878438
,Sint Maarten,04/15/2020 14:50,52,9,5,2020-04-15 14:50:00,38,18.038454,-63.054053
,Bahamas,04/15/2020 14:50,49,8,6,2020-04-15 14:50:00,35,24.7736546,-78.0000547
,Guyana,04/15/2020 14:50,47,6,8,2020-04-15 14:50:00,33,4.8417097,-58.64168910000001
,Zambia,04/15/2020 14:50,45,2,30,2020-04-15 14:50:00,13,-14.5186239,27.5599164
Macau,Macau,04/15/2020 14:50,45,0,10,2020-04-15 14:50:00,35,22.17576050000001,113.5514142
,Guinea-Bissau,04/15/2020 14:50,43,0,0,2020-04-15 14:50:00,43,12.100035,-14.9000214
,Equatorial Guinea,04/15/2020 14:50,41,0,4,2020-04-15 14:50:00,37,1.6131719999999998,10.5170357
,Haiti,04/15/2020 14:50,40,3,0,2020-04-15 14:50:00,37,19.139995199999998,-72.35709720000001
,Benin,04/15/2020 14:50,35,1,18,2020-04-15 14:50:00,16,9.5293472,2.2584408
,Libya,04/15/2020 14:50,35,1,9,2020-04-15 14:50:00,25,26.8234472,18.1236723
,Eritrea,04/15/2020 14:50,35,0,0,2020-04-15 14:50:00,35,15.950031900000004,37.999966799999996
,Sudan,04/15/2020 14:50,32,5,4,2020-04-15 14:50:00,23,14.584444400000002,29.4917691
,Saint Martin,04/15/2020 14:50,32,2,11,2020-04-15 14:50:00,19,18.089105,-63.04460400000001
,Mongolia,04/15/2020 14:50,30,0,5,2020-04-15 14:50:00,25,46.825038799999994,103.8499736
,Syria,04/15/2020 14:50,29,2,5,2020-04-15 14:50:00,22,34.6401861,39.0494106
,Mozambique,04/15/2020 14:50,28,0,2,2020-04-15 14:50:00,26,-19.302232999999998,34.9144977
,Antigua and Barbuda,04/15/2020 14:50,23,2,3,2020-04-15 14:50:00,18,17.223472100000002,-61.9554608
,Chad,04/15/2020 14:50,23,0,2,2020-04-15 14:50:00,21,15.613413699999999,19.015617199999998
,Maldives,04/15/2020 14:50,21,0,16,2020-04-15 14:50:00,5,4.7064352,73.3287853
,Angola,04/15/2020 14:50,19,2,5,2020-04-15 14:50:00,12,-11.877576800000002,17.5691241
,Laos,04/15/2020 14:50,19,0,1,2020-04-15 14:50:00,18,20.0171109,103.378253
,Zimbabwe,04/15/2020 14:50,18,3,1,2020-04-15 14:50:00,14,-18.4554963,29.746841399999997
,Belize,04/15/2020 14:50,18,2,0,2020-04-15 14:50:00,16,16.8259793,-88.7600927
,New Caledonia,04/15/2020 14:50,18,0,1,2020-04-15 14:50:00,17,-20.4542886,164.55660580000003
,Malawi,04/15/2020 14:50,16,2,0,2020-04-15 14:50:00,14,-13.268720000000002,33.930196
,Nepal,04/15/2020 14:50,16,0,1,2020-04-15 14:50:00,15,28.108392900000002,84.0917139
,Dominica,04/15/2020 14:50,16,0,8,2020-04-15 14:50:00,8,15.450510000000001,-61.344931
,Fiji,04/15/2020 14:50,16,0,0,2020-04-15 14:50:00,16,-18.123969600000002,179.0122737
,Namibia,04/15/2020 14:50,16,0,3,2020-04-15 14:50:00,13,-23.2335499,17.323110699999994
,Saint Lucia,04/15/2020 14:50,15,0,11,2020-04-15 14:50:00,4,13.8250489,-60.975035999999996
,Eswatini,04/15/2020 14:50,15,0,8,2020-04-15 14:50:00,7,-26.562480600000004,31.399131699999998
,Cura√ßao,04/15/2020 14:50,14,1,10,2020-04-15 14:50:00,3,12.1845,-68.9640875
,Grenada,04/15/2020 14:50,14,0,0,2020-04-15 14:50:00,14,12.136037400000001,-61.69040450000001
,Saint Kitts and Nevis,04/15/2020 14:50,14,0,0,2020-04-15 14:50:00,14,17.250512,-62.6725973
,Botswana,04/15/2020 14:50,13,1,0,2020-04-15 14:50:00,12,-23.1681782,24.5928742
,St. Vincent Grenadines,04/15/2020 14:50,12,0,1,2020-04-15 14:50:00,11,12.90447,-61.2765569
,Cabo Verde,04/15/2020 14:50,11,1,1,2020-04-15 14:50:00,9,16.0000552,-24.0083947
,CAR,04/15/2020 14:50,11,0,4,2020-04-15 14:50:00,7,7.0323598,19.9981227
,Falkland Islands,04/15/2020 14:50,11,0,1,2020-04-15 14:50:00,10,-51.9666424,-59.5500387
,Greenland,04/15/2020 14:50,11,0,11,2020-04-15 14:50:00,0,77.61923490000002,-42.8125967
,Montserrat,04/15/2020 14:50,11,0,1,2020-04-15 14:50:00,10,16.7417041,-62.19168440000001
,Seychelles,04/15/2020 14:50,11,0,0,2020-04-15 14:50:00,11,-4.6574976999999995,55.45401460000001
,Sierra Leone,04/15/2020 14:50,11,0,0,2020-04-15 14:50:00,11,8.6400349,-11.8400269
,Suriname,04/15/2020 14:50,10,1,6,2020-04-15 14:50:00,3,4.1413025,-56.07711870000001
,Turks and Caicos,04/15/2020 14:50,10,1,0,2020-04-15 14:50:00,9,21.7214683,-71.62017829999998
,MS Zaandam,04/15/2020 14:50,9,2,0,2020-04-15 14:50:00,7,26.087543,-80.10730600000002
,Gambia,04/15/2020 14:50,9,1,2,2020-04-15 14:50:00,6,13.470061999999999,-15.4900464
,Nicaragua,04/15/2020 14:50,9,1,4,2020-04-15 14:50:00,4,12.609015699999999,-85.29369109999998
,Vatican City,04/15/2020 14:50,8,0,2,2020-04-15 14:50:00,6,41.9038149,12.453152699999999
,Timor-Leste,04/15/2020 14:50,8,0,1,2020-04-15 14:50:00,7,-8.5151979,125.83757560000001
,Mauritania,04/15/2020 14:50,7,1,2,2020-04-15 14:50:00,4,20.254038199999997,-9.2399263
,St. Barth,04/15/2020 14:50,6,0,4,2020-04-15 14:50:00,2,17.9036287,-62.811568799999996
,Western Sahara,04/15/2020 14:50,6,0,0,2020-04-15 14:50:00,6,24.1188663,-13.9508923
,Burundi,04/15/2020 14:50,5,1,0,2020-04-15 14:50:00,4,-3.3634357,29.8870575
,Bhutan,04/15/2020 14:50,5,0,2,2020-04-15 14:50:00,3,27.549511,90.5119273
,Sao Tome and Principe,04/15/2020 14:50,4,0,0,2020-04-15 14:50:00,4,0.8875497999999999,6.964871799999999
,South Sudan,04/15/2020 14:50,4,0,0,2020-04-15 14:50:00,4,7.869943099999999,29.6667897
,Anguilla,04/15/2020 14:50,3,0,1,2020-04-15 14:50:00,2,18.195494699999998,-63.07502339999999
,British Virgin Islands,04/15/2020 14:50,3,0,2,2020-04-15 14:50:00,1,18.4024395,-64.5661642
,Caribbean Netherlands,04/15/2020 14:50,3,0,0,2020-04-15 14:50:00,3,12.154702,-68.266323
,Papua New Guinea,04/15/2020 14:50,2,0,0,2020-04-15 14:50:00,2,-5.6816069,144.2489081
,Saint Pierre Miquelon,04/15/2020 14:50,1,0,0,2020-04-15 14:50:00,1,46.7832469,-56.1951589
,Yemen,04/15/2020 14:50,1,0,0,2020-04-15 14:50:00,1,16.3471243,47.8915271
New York,US,04/15/2020 14:50,203123,10834,17089,2020-04-15 14:50:00,175200,40.7127281,-74.0060152
New Jersey,US,04/15/2020 14:50,68824,2805,1271,2020-04-15 14:50:00,64748,40.0757384,-74.4041622
Massachusetts,US,04/15/2020 14:50,28163,957,729,2020-04-15 14:50:00,26477,42.3788774,-72.03236600000002
Michigan,US,04/15/2020 14:50,27001,1768,443,2020-04-15 14:50:00,24790,43.6211955,-84.6824346
California,US,04/15/2020 14:50,25777,789,940,2020-04-15 14:50:00,24048,36.7014631,-118.75599740000001
Pennsylvania,US,04/15/2020 14:50,25465,696,650,2020-04-15 14:50:00,24119,40.9699889,-77.72788309999999
Illinois,US,04/15/2020 14:50,23247,868,50,2020-04-15 14:50:00,22329,40.079660600000004,-89.4337288
Florida,US,04/15/2020 14:50,21628,571,644,2020-04-15 14:50:00,20413,27.7567667,-81.4639835
Louisiana,US,04/15/2020 14:50,21518,1013,50,2020-04-15 14:50:00,20455,30.8703881,-92.007126
Texas,US,04/15/2020 14:50,15107,350,2580,2020-04-15 14:50:00,12177,31.8160381,-99.51209859999999
Georgia,US,04/15/2020 14:50,14578,524,31,2020-04-15 14:50:00,14023,32.329380900000004,-83.1137366
Connecticut,US,04/15/2020 14:50,13989,671,65,2020-04-15 14:50:00,13253,41.6500201,-72.7342163
Washington,US,04/15/2020 14:50,10795,547,1424,2020-04-15 14:50:00,8824,38.894893200000006,-77.0365529
Maryland,US,04/15/2020 14:50,9472,302,603,2020-04-15 14:50:00,8567,39.5162234,-76.9382069
Indiana,US,04/15/2020 14:50,8527,387,14,2020-04-15 14:50:00,8126,40.327012700000004,-86.1746933
Colorado,US,04/15/2020 14:50,7941,329,116,2020-04-15 14:50:00,7496,38.7251776,-105.60771670000001
Ohio,US,04/15/2020 14:50,7280,324,120,2020-04-15 14:50:00,6836,40.225356899999994,-82.6881395
Virginia,US,04/15/2020 14:50,6171,154,721,2020-04-15 14:50:00,5296,37.1232245,-78.4927721
Tennessee,US,04/15/2020 14:50,5823,124,1969,2020-04-15 14:50:00,3730,35.7730076,-86.28200809999998
North Carolina,US,04/15/2020 14:50,5133,113,86,2020-04-15 14:50:00,4934,35.6729639,-79.03929190000002
Missouri,US,04/15/2020 14:50,4714,142,184,2020-04-15 14:50:00,4388,38.7604815,-92.5617875
Alabama,US,04/15/2020 14:50,3953,114,20,2020-04-15 14:50:00,3819,33.258881699999996,-86.8295337
Arizona,US,04/15/2020 14:50,3806,131,40,2020-04-15 14:50:00,3635,34.395342,-111.76327549999999
Wisconsin,US,04/15/2020 14:50,3555,170,87,2020-04-15 14:50:00,3298,44.4308975,-89.6884637
South Carolina,US,04/15/2020 14:50,3553,97,0,2020-04-15 14:50:00,3456,33.687438799999995,-80.4363743
Rhode Island,US,04/15/2020 14:50,3251,80,10,2020-04-15 14:50:00,3161,41.7962409,-71.59923719999998
Nevada,US,04/15/2020 14:50,3088,130,1169,2020-04-15 14:50:00,1789,39.515882500000004,-116.85372269999999
Mississippi,US,04/15/2020 14:50,3087,111,0,2020-04-15 14:50:00,2976,32.9715645,-89.7348497
Utah,US,04/15/2020 14:50,2412,19,218,2020-04-15 14:50:00,2175,39.4225192,-111.71435840000001
Kentucky,US,04/15/2020 14:50,2210,115,306,2020-04-15 14:50:00,1789,37.5726028,-85.1551411
Oklahoma,US,04/15/2020 14:50,2184,108,1060,2020-04-15 14:50:00,1016,34.9550817,-97.2684063
District Of Columbia,US,04/15/2020 14:50,2058,67,518,2020-04-15 14:50:00,1473,38.8936613,-76.9878833
Delaware,US,04/15/2020 14:50,1926,43,319,2020-04-15 14:50:00,1564,38.6920451,-75.4013315
Iowa,US,04/15/2020 14:50,1899,49,741,2020-04-15 14:50:00,1109,41.9216734,-93.3122705
Minnesota,US,04/15/2020 14:50,1695,79,909,2020-04-15 14:50:00,707,45.98965870000001,-94.6113288
Oregon,US,04/15/2020 14:50,1633,55,0,2020-04-15 14:50:00,1578,43.9792797,-120.737257
Arkansas,US,04/15/2020 14:50,1498,32,444,2020-04-15 14:50:00,1022,35.2048883,-92.4479108
Idaho,US,04/15/2020 14:50,1464,39,24,2020-04-15 14:50:00,1401,43.644764200000004,-114.0154071
Kansas,US,04/15/2020 14:50,1426,69,240,2020-04-15 14:50:00,1117,38.27312,-98.58218719999999
New Mexico,US,04/15/2020 14:50,1407,36,295,2020-04-15 14:50:00,1076,34.5708167,-105.993007
New Hampshire,US,04/15/2020 14:50,1091,27,249,2020-04-15 14:50:00,815,43.484913299999995,-71.6553992
South Dakota,US,04/15/2020 14:50,988,6,261,2020-04-15 14:50:00,721,44.6471761,-100.348761
Nebraska,US,04/15/2020 14:50,901,20,22,2020-04-15 14:50:00,859,41.7370229,-99.5873816
Vermont,US,04/15/2020 14:50,752,29,0,2020-04-15 14:50:00,723,44.5990718,-72.5002608
Maine,US,04/15/2020 14:50,734,20,292,2020-04-15 14:50:00,422,45.709097,-68.8590201
West Virginia,US,04/15/2020 14:50,694,10,147,2020-04-15 14:50:00,537,38.47584060000001,-80.84084150000002
Hawaii,US,04/15/2020 14:50,517,9,333,2020-04-15 14:50:00,175,21.2160437,-157.975203
Montana,US,04/15/2020 14:50,399,7,197,2020-04-15 14:50:00,195,47.3752671,-109.63875790000002
North Dakota,US,04/15/2020 14:50,341,9,138,2020-04-15 14:50:00,194,47.6201461,-100.540737
Alaska,US,04/15/2020 14:50,285,9,98,2020-04-15 14:50:00,178,64.44596130000001,-149.680909
Wyoming,US,04/15/2020 14:50,282,1,164,2020-04-15 14:50:00,117,43.1700264,-107.5685348
Guam,US,04/15/2020 14:50,135,5,66,2020-04-15 14:50:00,64,13.4501257,144.757551
Northern Mariana Islands,US,04/15/2020 14:50,13,2,0,2020-04-15 14:50:00,11,14.149020499999999,145.2134525
Puerto Rico,US,04/15/2020 14:50,923,45,4,2020-04-15 14:50:00,874,18.2214149,-66.4132818
United States Virgin Islands,US,04/15/2020 14:50,51,1,44,2020-04-15 14:50:00,6,17.789187,-64.7080574
US Military,US,04/15/2020 14:50,4769,16,626,2020-04-15 14:50:00,4127,35.46918839999999,-97.5076895
Navajo Nation,US,04/15/2020 14:50,838,33,0,2020-04-15 14:50:00,805,36.3089731,-109.32568799999999
Grand Princess Ship,US,04/15/2020 14:50,103,3,0,2020-04-15 14:50:00,100,51.4676318,0.42745029999999995
Wuhan Repatriated,US,04/15/2020 14:50,3,0,0,2020-04-15 14:50:00,3,21.345382,-158.070637
Diamond Princess Ship,US,04/15/2020 14:50,46,0,0,2020-04-15 14:50:00,46,43.489315000000005,-73.749487
Hong Kong,China,04/15/2020 14:50,1012,4,434,2020-04-15 14:50:00,574,22.2793278,114.16281310000001
Hubei,China,04/15/2020 14:50,67803,3221,64363,2020-04-15 14:50:00,219,31.151725199999998,112.87832220000001
Taiwan,China,04/15/2020 14:50,393,6,114,2020-04-15 14:50:00,273,23.973937399999997,120.9820179
Heilongjiang,China,04/15/2020 14:50,819,13,470,2020-04-15 14:50:00,336,48.00000470000001,127.99999199999999
Shanghai,China,04/15/2020 14:50,618,7,458,2020-04-15 14:50:00,153,31.225298499999997,121.4890497
Inner Mongolia,China,04/15/2020 14:50,190,1,91,2020-04-15 14:50:00,98,43.2443242,114.32516640000001
Beijing,China,04/15/2020 14:50,589,8,491,2020-04-15 14:50:00,90,39.906217,116.3912757
Guangdong,China,04/15/2020 14:50,1564,8,1458,2020-04-15 14:50:00,98,23.135769399999997,113.19826880000001
Shanxi,China,04/15/2020 14:50,173,0,135,2020-04-15 14:50:00,38,37.0,112.0
Macao,China,04/15/2020 14:50,45,0,13,2020-04-15 14:50:00,32,22.175760500000003,113.5514142
Fujian,China,04/15/2020 14:50,353,1,329,2020-04-15 14:50:00,23,26.5450001,117.84277800000001
Zhejiang,China,04/15/2020 14:50,1267,1,1242,2020-04-15 14:50:00,24,29.000000099999998,119.9999999
Shandong,China,04/15/2020 14:50,784,7,759,2020-04-15 14:50:00,18,36.0000001,118.9999999
Tianjin,China,04/15/2020 14:50,185,3,164,2020-04-15 14:50:00,18,39.1235635,117.1980785
Jiangsu,China,04/15/2020 14:50,653,0,641,2020-04-15 14:50:00,12,33.0000001,119.9999999
Sichuan,China,04/15/2020 14:50,560,3,548,2020-04-15 14:50:00,9,30.500000099999998,102.4999999
Hebei,China,04/15/2020 14:50,327,6,314,2020-04-15 14:50:00,7,39.0000001,116.0
Yunnan,China,04/15/2020 14:50,184,2,175,2020-04-15 14:50:00,7,25.0,102.0
Liaoning,China,04/15/2020 14:50,145,2,138,2020-04-15 14:50:00,5,40.9739116,122.3263915
Shaanxi,China,04/15/2020 14:50,256,3,248,2020-04-15 14:50:00,5,36.0,109.0
Chongqing,China,04/15/2020 14:50,579,6,570,2020-04-15 14:50:00,3,29.5585712,106.5492822
Gansu,China,04/15/2020 14:50,139,2,135,2020-04-15 14:50:00,2,38.0000001,101.9999999
Jilin,China,04/15/2020 14:50,100,1,96,2020-04-15 14:50:00,3,42.9995032,125.9816054
Henan,China,04/15/2020 14:50,1276,22,1254,2020-04-15 14:50:00,0,34.0000001,113.9999999
Hunan,China,04/15/2020 14:50,1019,4,1014,2020-04-15 14:50:00,1,27.6662087,111.74870630000001
Anhui,China,04/15/2020 14:50,991,6,984,2020-04-15 14:50:00,1,32.0,117.0
Guizhou,China,04/15/2020 14:50,147,2,144,2020-04-15 14:50:00,1,27.0,107.0
Jiangxi,China,04/15/2020 14:50,937,1,936,2020-04-15 14:50:00,0,28.0,116.0
Guangxi,China,04/15/2020 14:50,254,2,252,2020-04-15 14:50:00,0,24.0,109.0
Hainan,China,04/15/2020 14:50,168,6,162,2020-04-15 14:50:00,0,19.2000001,109.5999999
Xinjiang,China,04/15/2020 14:50,76,3,73,2020-04-15 14:50:00,0,41.7574769,87.1673842
Ningxia,China,04/15/2020 14:50,75,0,75,2020-04-15 14:50:00,0,37.3095528,105.9608553
Qinghai,China,04/15/2020 14:50,18,0,18,2020-04-15 14:50:00,0,35.40709520000001,95.95211570000001
Tibet,China,04/15/2020 14:50,1,0,1,2020-04-15 14:50:00,0,31.894343199999998,87.07813709999998
Maharashtra,India,04/15/2020 14:50,2684,178,259,2020-04-15 14:50:00,2247,19.531932,76.0554568
Delhi,India,04/15/2020 14:50,1561,30,31,2020-04-15 14:50:00,1500,28.6517178,77.22193879999999
Tamil Nadu,India,04/15/2020 14:50,1204,12,81,2020-04-15 14:50:00,1111,10.909433400000001,78.3665347
Rajasthan,India,04/15/2020 14:50,1034,11,147,2020-04-15 14:50:00,876,26.8105777,73.76845490000001
Madhya Pradesh,India,04/15/2020 14:50,741,53,64,2020-04-15 14:50:00,624,23.8143419,77.5340719
Uttar Pradesh,India,04/15/2020 14:50,660,8,50,2020-04-15 14:50:00,602,27.1303344,80.859666
Gujarat,India,04/15/2020 14:50,695,30,59,2020-04-15 14:50:00,606,22.415408199999998,72.031497
Telangana,India,04/15/2020 14:50,644,18,110,2020-04-15 14:50:00,516,17.8495919,79.1151663
Andhra Pradesh,India,04/15/2020 14:50,502,11,16,2020-04-15 14:50:00,475,15.9240905,80.1863809
Kerala,India,04/15/2020 14:50,386,2,211,2020-04-15 14:50:00,173,10.352874400000001,76.5120396
Jammu and Kashmir,India,04/15/2020 14:50,278,4,30,2020-04-15 14:50:00,244,34.0476564,76.7972892
Karnataka,India,04/15/2020 14:50,277,10,71,2020-04-15 14:50:00,196,14.520389600000001,75.7223521
Haryana,India,04/15/2020 14:50,198,3,55,2020-04-15 14:50:00,140,29.0,76.0
West Bengal,India,04/15/2020 14:50,213,7,37,2020-04-15 14:50:00,169,22.9964948,87.6855882
Punjab,India,04/15/2020 14:50,184,13,27,2020-04-15 14:50:00,144,30.929321100000003,75.5004841
Bihar,India,04/15/2020 14:50,70,1,29,2020-04-15 14:50:00,40,25.6440845,85.906508
Odisha,India,04/15/2020 14:50,60,1,18,2020-04-15 14:50:00,41,20.5431241,84.6897321
Uttarakhand,India,04/15/2020 14:50,37,0,9,2020-04-15 14:50:00,28,30.0919936,79.3217666
Chhattisgarh,India,04/15/2020 14:50,33,0,13,2020-04-15 14:50:00,20,21.6637359,81.84063509999999
Himachal Pradesh,India,04/15/2020 14:50,33,2,13,2020-04-15 14:50:00,18,31.8167602,77.34932049999999
Assam,India,04/15/2020 14:50,32,1,0,2020-04-15 14:50:00,31,26.4073841,93.25513029999999
Jharkhand,India,04/15/2020 14:50,27,2,0,2020-04-15 14:50:00,25,23.455980899999997,85.2557301
Chandigarh,India,04/15/2020 14:50,21,0,7,2020-04-15 14:50:00,14,30.7194022,76.7646552
Ladakh,India,04/15/2020 14:50,17,0,12,2020-04-15 14:50:00,5,33.9456407,77.6568576
Andaman and Nicobar Islands,India,04/15/2020 14:50,11,0,10,2020-04-15 14:50:00,1,10.2188344,92.57713290000001
Goa,India,04/15/2020 14:50,7,0,5,2020-04-15 14:50:00,2,15.3004543,74.08551340000001
Puducherry,India,04/15/2020 14:50,7,0,1,2020-04-15 14:50:00,6,11.934056800000002,79.83064470000001
Manipur,India,04/15/2020 14:50,2,0,1,2020-04-15 14:50:00,1,24.7208818,93.9229386
Tripura,India,04/15/2020 14:50,2,0,0,2020-04-15 14:50:00,2,23.7750823,91.70250909999999
Mizoram,India,04/15/2020 14:50,1,0,0,2020-04-15 14:50:00,1,23.2146169,92.86876120000001
Arunachal Pradesh,India,04/15/2020 14:50,1,0,0,2020-04-15 14:50:00,1,27.6891712,96.45972259999999
Dadra and Nagar Haveli,India,04/15/2020 14:50,1,0,0,2020-04-15 14:50:00,1,20.2735169,73.0043578
Nagaland,India,04/15/2020 14:50,1,0,0,2020-04-15 14:50:00,1,26.1630556,94.5884911
Meghalaya,India,04/15/2020 14:50,1,1,0,2020-04-15 14:50:00,0,25.5379432,91.29991020000001
Daman and Diu,India,04/15/2020 14:50,0,0,0,2020-04-15 14:50:00,0,20.7182902,70.98539170000001
Lakshadweep,India,04/15/2020 14:50,0,0,0,2020-04-15 14:50:00,0,10.883277099999999,72.8171069
Sikkim,India,04/15/2020 14:50,0,0,0,2020-04-15 14:50:00,0,27.601028999999997,88.45413640000001
